{
    "01_weather.pkl": 592.6372671878407,
    "02_weather.pkl": 689.1069618931544,
    "03_weather.pkl": 752.4351211995079,
    "04_weather.pkl": 627.3513850151596,
    "05_weather.pkl": 776.0900688386986,
    "06_weather.pkl": 854.3954272525956,
    "07_weather.pkl": 810.5925003147652,
    "08_weather.pkl": 497.54657773877,
    "09_weather.pkl": 517.314216845766,
    "10_weather.pkl": 609.0788206888952,
    "11_weather.pkl": 273.7172400610061,
    "12_weather.pkl": 508.5767234536611,
    "13_weather.pkl": 539.8340001971161,
    "14_weather.pkl": 668.1270343345218,
    "15_weather.pkl": 636.5045183516974,
    "16_weather.pkl": 568.1460919654046,
    "17_weather.pkl": 513.2776679465638
}