{
    "02": {
        "02_01.pkl": 157.29159529658952,
        "02_03.pkl": 148.9494026377359,
        "02_04.pkl": 178.3880294357141,
        "02_05.pkl": 236.92519867868288,
        "02_06.pkl": 164.8974798982957,
        "02_07.pkl": 131.63387368015486,
        "02_08.pkl": 490.6013231639061,
        "02_09.pkl": 364.5657067406608,
        "02_10.pkl": 296.6597617956016,
        "02_11.pkl": 486.5527985457143,
        "02_12.pkl": 500.5751417951683,
        "02_13.pkl": 271.7814698951735,
        "02_14.pkl": 250.27164768944252,
        "02_15.pkl": 653.4253487692202,
        "02_16.pkl": 602.7255868558245,
        "02_17.pkl": 707.270496562365
    },
    "03": {
        "03_01.pkl": 189.660406351199,
        "03_02.pkl": 161.0008668940303,
        "03_04.pkl": 189.5358006131556,
        "03_05.pkl": 264.339052888098,
        "03_06.pkl": 227.4046924454917,
        "03_07.pkl": 234.48687958859145,
        "03_08.pkl": 612.1929900293945,
        "03_09.pkl": 476.82371276837563,
        "03_10.pkl": 314.98827932300026,
        "03_11.pkl": 466.2711881442685,
        "03_12.pkl": 566.1586075627325,
        "03_13.pkl": 364.1884834303437,
        "03_14.pkl": 379.6113030335456,
        "03_15.pkl": 690.9887877553593,
        "03_16.pkl": 698.4313657404188,
        "03_17.pkl": 782.5778757836008
    },
    "04": {
        "04_01.pkl": 196.24776104965508,
        "04_02.pkl": 221.32805055358892,
        "04_03.pkl": 226.68200705145136,
        "04_05.pkl": 250.60097220855732,
        "04_06.pkl": 207.3355372292064,
        "04_07.pkl": 188.83311459761933,
        "04_08.pkl": 485.79329694712067,
        "04_09.pkl": 468.72325047518495,
        "04_10.pkl": 379.7882151187274,
        "04_11.pkl": 435.57700352849923,
        "04_12.pkl": 475.1000439776117,
        "04_13.pkl": 386.68144321934983,
        "04_14.pkl": 385.7432933727959,
        "04_15.pkl": 648.7011692238983,
        "04_16.pkl": 662.7157204099203,
        "04_17.pkl": 730.4154284945366
    },
    "05": {
        "05_01.pkl": 263.58221856768535,
        "05_02.pkl": 289.8012073383128,
        "05_03.pkl": 254.4267289949189,
        "05_04.pkl": 241.3444181366445,
        "05_06.pkl": 157.11573649821614,
        "05_07.pkl": 291.5792388181331,
        "05_08.pkl": 569.5447012081012,
        "05_09.pkl": 677.157177417962,
        "05_10.pkl": 497.3169689624118,
        "05_11.pkl": 522.1054002654869,
        "05_12.pkl": 464.13652281674524,
        "05_13.pkl": 428.84941086186467,
        "05_14.pkl": 455.0138865360502,
        "05_15.pkl": 741.1170077607757,
        "05_16.pkl": 793.9251304401068,
        "05_17.pkl": 835.5405810240595
    },
    "06": {
        "06_01.pkl": 233.06267832216113,
        "06_02.pkl": 250.8499208485086,
        "06_03.pkl": 297.2224727538901,
        "06_04.pkl": 253.5155154590023,
        "06_05.pkl": 168.110473100187,
        "06_07.pkl": 240.9514917127648,
        "06_08.pkl": 617.8360068831475,
        "06_09.pkl": 682.282128671024,
        "06_10.pkl": 490.4998488417863,
        "06_11.pkl": 566.1269934074072,
        "06_12.pkl": 568.3420659795319,
        "06_13.pkl": 455.23456723297954,
        "06_14.pkl": 441.1659018657407,
        "06_15.pkl": 749.6082257875288,
        "06_16.pkl": 799.5187615634218,
        "06_17.pkl": 884.3440956726394
    },
    "07": {
        "07_01.pkl": 170.8551267841864,
        "07_02.pkl": 173.35321770040818,
        "07_03.pkl": 253.16542800443474,
        "07_04.pkl": 212.20594453640078,
        "07_05.pkl": 314.77715214368015,
        "07_06.pkl": 185.6949336846381,
        "07_08.pkl": 595.7789449986883,
        "07_09.pkl": 566.4203158703705,
        "07_10.pkl": 409.7412496108222,
        "07_11.pkl": 515.3398530193585,
        "07_12.pkl": 609.1508866110231,
        "07_13.pkl": 393.6085845894544,
        "07_14.pkl": 393.8104973377889,
        "07_15.pkl": 770.5752555222191,
        "07_16.pkl": 741.2300609678053,
        "07_17.pkl": 873.7771726312261
    },
    "08": {
        "08_01.pkl": 300.8667402692544,
        "08_02.pkl": 318.7892126603499,
        "08_03.pkl": 256.2624243526357,
        "08_04.pkl": 337.8700979050194,
        "08_05.pkl": 316.4898554506524,
        "08_06.pkl": 323.0649539077561,
        "08_07.pkl": 323.6536303372123,
        "08_09.pkl": 449.5163251699843,
        "08_10.pkl": 351.5540335778561,
        "08_11.pkl": 401.0871182065291,
        "08_12.pkl": 309.12658091990824,
        "08_13.pkl": 269.3646478970771,
        "08_14.pkl": 350.18213003149367,
        "08_15.pkl": 446.79195886849277,
        "08_16.pkl": 412.97172946583794,
        "08_17.pkl": 514.5235594562473
    },
    "09": {
        "09_01.pkl": 271.7280465002344,
        "09_02.pkl": 315.04534659048875,
        "09_03.pkl": 207.7320252917602,
        "09_04.pkl": 294.5783352471673,
        "09_05.pkl": 346.97282436220087,
        "09_06.pkl": 241.82127972040672,
        "09_07.pkl": 371.53172921481473,
        "09_08.pkl": 435.1745008713345,
        "09_10.pkl": 301.8927364701421,
        "09_11.pkl": 390.77646254301794,
        "09_12.pkl": 477.63674889342866,
        "09_13.pkl": 299.18029001317905,
        "09_14.pkl": 306.90133854909556,
        "09_15.pkl": 385.6322462142024,
        "09_16.pkl": 364.20185283553514,
        "09_17.pkl": 409.8846092669832
    },
    "10": {
        "10_01.pkl": 306.5842498803498,
        "10_02.pkl": 285.2731482426113,
        "10_03.pkl": 237.32462479023323,
        "10_04.pkl": 299.84373269631783,
        "10_05.pkl": 338.40054745781686,
        "10_06.pkl": 348.90631993327685,
        "10_07.pkl": 355.9307020658715,
        "10_08.pkl": 488.4707495485692,
        "10_09.pkl": 453.2059255671758,
        "10_11.pkl": 450.63195346266696,
        "10_12.pkl": 513.3195783721801,
        "10_13.pkl": 305.609570307662,
        "10_14.pkl": 345.3502899753325,
        "10_15.pkl": 536.0879679118226,
        "10_16.pkl": 537.6731161004838,
        "10_17.pkl": 615.0170861644275
    },
    "11": {
        "11_01.pkl": 224.7386510995372,
        "11_02.pkl": 234.87176132115871,
        "11_03.pkl": 212.22408186315482,
        "11_04.pkl": 108.80712546908954,
        "11_05.pkl": 121.61281016645596,
        "11_06.pkl": 113.42778577307467,
        "11_07.pkl": 94.9512632560184,
        "11_08.pkl": 250.13325275399575,
        "11_09.pkl": 211.83952831400518,
        "11_10.pkl": 204.2305063054775,
        "11_12.pkl": 261.0784839595672,
        "11_13.pkl": 293.66518952682793,
        "11_14.pkl": 267.08213966165897,
        "11_15.pkl": 275.47245473503887,
        "11_16.pkl": 265.61189954076406,
        "11_17.pkl": 316.69446995197785
    },
    "12": {
        "12_01.pkl": 429.33375676716145,
        "12_02.pkl": 392.03708310623097,
        "12_03.pkl": 250.37947501145516,
        "12_04.pkl": 359.0914224753743,
        "12_05.pkl": 268.7282607021882,
        "12_06.pkl": 249.3560671944061,
        "12_07.pkl": 394.0620173685886,
        "12_08.pkl": 359.28188301050926,
        "12_09.pkl": 523.6818760189294,
        "12_10.pkl": 463.3518933304198,
        "12_11.pkl": 409.7601694106418,
        "12_13.pkl": 325.90610104352805,
        "12_14.pkl": 355.68583113494276,
        "12_15.pkl": 451.77127813539585,
        "12_16.pkl": 506.37863143226673,
        "12_17.pkl": 521.3349185203306
    },
    "13": {
        "13_01.pkl": 323.8631859739085,
        "13_02.pkl": 270.6448164411431,
        "13_03.pkl": 298.1524187779407,
        "13_04.pkl": 289.40624926523674,
        "13_05.pkl": 301.9132697950196,
        "13_06.pkl": 295.0064242507831,
        "13_07.pkl": 273.4574328387129,
        "13_08.pkl": 406.7151733053905,
        "13_09.pkl": 406.5003947321246,
        "13_10.pkl": 302.8601429377138,
        "13_11.pkl": 446.8577705504222,
        "13_12.pkl": 438.7113236527574,
        "13_14.pkl": 162.7584573236586,
        "13_15.pkl": 543.723070275917,
        "13_16.pkl": 482.1043330832413,
        "13_17.pkl": 598.2673597620391
    },