{
    "01": 533.6700766433432,
    "02": 599.9704256066639,
    "03": 700.8496018921459,
    "04": 556.361117211787,
    "05": 714.7806560536633,
    "06": 774.3855240449216,
    "07": 671.2678027632578,
    "08": 443.37993239431034,
    "09": 344.9648979743863,
    "10": 516.8420624343548,
    "11": 183.10664874167622,
    "12": 395.27371935307644,
    "13": 492.62114587860106,
    "14": 594.6829594744502,
    "15": 473.9073068475369,
    "16": 421.0844260337651,
    "17": 507.6697014252943
}