{
    "01.pkl": 792.4590311074239,
    "02.pkl": 952.2292019385019,
    "03.pkl": 1050.9047825920854,
    "04.pkl": 748.6029629334728,
    "05.pkl": 968.4640312062534,
    "06.pkl": 985.6469878829058,
    "07.pkl": 879.4000683859131,
    "08.pkl": 614.5685387213003,
    "09.pkl": 500.74499554989706,
    "10.pkl": 725.9856339799511,
    "11.pkl": 272.53665485808204,
    "12.pkl": 560.8478969352419,
    "13.pkl": 693.5842460949166,
    "14.pkl": 849.2729084330246,
    "15.pkl": 798.8710329692559,
    "16.pkl": 646.8284252922736,
    "17.pkl": 698.9149404517549
}